{"metadata": {"algo": "nstepsarsa", "alpha": 0.1, "gamma": 1, "nstep": 5, "n": 1000, "eps": 0.1, "expstart": false, "duration": "3.2125723361968994", "time": "2024-12-23 19:55:56.199890"}, "_q": [[0.0], [12.604121777205952, 8.211272638118059, 0.9999999999999996]]}