{"metadata": {"eps": 0.1, "gamma": 1, "num_epsd": 10000, "algo": "onpolicy"}, "thres": 17, "pi_record": [], "q_record": [], "pi": [0, 1, 0, 1, 0, 1, 1, 0, 0, 1, 1, 1, 0, 0, 1, 1, 1, 0, 1, 1, 0, 0, 0, 1, 1, 0, 0, 1, 0, 0, 1, 0, 1, 0, 0, 1, 1, 1, 1, 1, 1, 1, 1, 1, 0, 0, 1, 1, 1, 1, 0, 1, 0, 0, 0, 0, 0, 1, 1, 1, 0, 0, 1, 1, 0, 1, 0, 1, 0, 0, 0, 1, 1, 0, 0, 0, 0, 1, 0, 1, 1, 1, 0, 1, 0, 1, 1, 0, 0, 1, 0, 1, 1, 0, 0, 1, 0, 0, 1, 1, 1, 1, 0, 0, 1, 0, 0, 0, 0, 1, 0, 1, 0, 1, 1, 1, 0, 1, 0, 0, 0, 0, 0, 0, 0, 1, 0, 0, 0, 0, 0, 1, 0, 0, 0, 1, 0, 0, 0, 0, 0, 1, 0, 0, 0, 0, 0, 0, 0, 0, 0, 0, 0, 1, 0, 0, 0, 0, 0, 1, 0, 0, 0, 0, 0, 0, 0, 0, 0, 0, 0, 0, 0, 0, 0, 0, 0, 0, 0, 0, 0, 0, 0, 0, 0, 0, 0, 0, 0, 0, 0, 0, 0, 0, 0, 0, 0, 0, 0, 1], "q": [[-0.4246575342465755, -1.0], [-0.8285714285714285, -0.6], [-0.44230769230769235, -1.0], [-0.7142857142857143, -0.3157894736842105], [-0.4, -0.4], [-1.0, -0.2244897959183674], [-0.4285714285714286, -0.04918032786885246], [-0.5416666666666666, -1.0], [-0.2692307692307692, -1.0], [-1.0, -0.05128205128205132], [-0.44, -0.39473684210526316], [-0.6666666666666666, -0.17021276595744683], [-0.38709677419354843, -0.5], [-0.39534883720930236, -0.6666666666666666], [-1.0, -0.15217391304347824], [-0.8666666666666666, 0.28205128205128205], [-0.5802469135802472, -0.5714285714285714], [-0.5999999999999999, -0.7142857142857143], [-0.5, -0.2524271844660194], [-1.0, -0.28571428571428575], [-0.41818181818181827, -0.5294117647058824], [-0.3666666666666666, -1.0], [-0.4754098360655738, -0.5], [-1.0, -0.25000000000000006], [-0.7142857142857143, -0.45161290322580644], [-0.30434782608695643, -0.5], [-0.4333333333333334, -1.0], [-1.0, -0.2549019607843138], [-0.34285714285714297, -0.6], [0.03448275862068967, -0.36363636363636365], [-0.6666666666666666, -0.14754098360655743], [-0.5, -1.0], [-0.5, -0.17741935483870963], [-0.23076923076923075, -0.34883720930232553], [-0.40740740740740744, -1.0], [-0.33333333333333337, -0.23437499999999994], [-1.0, -0.27272727272727276], [-0.5555555555555556, -0.20000000000000007], [-0.40540540540540554, -0.3076923076923077], [-0.5, -0.4531250000000001], [-0.6551724137931035, -0.5666666666666667], [-0.5, -0.21428571428571425], [-0.6190476190476191, -0.42857142857142866], [-0.5, -0.3333333333333334], [-0.3506493506493507, -1.0], [-0.4347826086956522, -1.0], [-0.6666666666666666, -0.2727272727272727], [-0.37142857142857144, -0.07692307692307693], [-0.6, -0.24324324324324323], [-1.0, -0.04255319148936168], [-0.3333333333333333, -0.7142857142857143], [-0.47826086956521735, -0.14705882352941174], [-0.6585365853658536, -1.0], [-0.28888888888888886, -1.0], [-0.373134328358209, -1.0], [-0.423076923076923, -0.8571428571428572], [-0.5000000000000001, -0.7142857142857143], [-0.6, -0.04255319148936168], [-1.0, -0.4874999999999997], [-0.5, -0.10447761194029846], [-0.5666666666666668, -0.8181818181818182], [-0.16981132075471703, -0.4545454545454546], [-0.4117647058823528, -0.3999999999999999], [-0.6363636363636364, 0.06382978723404259], [-0.5945945945945944, -1.0], [-0.33333333333333337, -0.20312500000000006], [-0.40000000000000013, -0.5], [-0.4, -0.11666666666666667], [-0.39393939393939403, -0.42857142857142866], [-0.07407407407407403, -0.6666666666666666], [-0.40540540540540543, -0.5], [-0.3488372093023256, 0.0], [-1.0, -0.4225352112676057], [-0.5555555555555556, -1.0], [-0.4782608695652175, -1.0], [-0.21739130434782614, -0.75], [-0.46268656716417916, -0.7142857142857143], [-1.0, -0.25396825396825395], [-0.5604395604395604, -1.0], [-1.0, -0.38461538461538475], [-0.6666666666666666, -0.6363636363636361], [-0.4666666666666666, -0.15000000000000005], [-0.5890410958904111, -1.0], [-1.0, -0.5492957746478874], [-0.3714285714285714, -0.4285714285714286], [-0.25, -0.14062499999999997], [-0.6428571428571429, -0.23529411764705876], [-0.49152542372881347, -0.7142857142857143], [-0.32394366197183105, -0.6666666666666666], [-0.3333333333333333, -0.11320754716981132], [-0.4, -0.6], [-1.0, -0.17647058823529413], [-0.7142857142857143, -0.6190476190476188], [-0.34545454545454557, -0.5], [-0.3928571428571428, -0.46153846153846156], [-0.5294117647058825, -0.03703703703703704], [-0.5624999999999999, -1.0], [-0.41379310344827575, -1.0], [-1.0, -0.521276595744681], [-0.5555555555555556, -0.29870129870129863], [-1.0, -0.529411764705882], [-0.8, -0.29999999999999993], [-0.22448979591836735, -1.0], [-0.26086956521739135, -0.2692307692307692], [-0.5454545454545454, -0.4599999999999999], [-0.3220338983050849, -0.6666666666666666], [-0.16981132075471694, -0.33333333333333337], [-0.12500000000000003, -0.36363636363636365], [-0.21311475409836075, -0.6], [-1.0, -0.15254237288135594], [-0.2909090909090909, -0.5], [-0.3793103448275862, -0.14705882352941177], [-0.012820512820512825, -1.0], [-0.6521739130434784, -0.4358974358974358], [-0.16129032258064518, 0.0], [-0.4, -0.031249999999999986], [-0.3548387096774194, -0.6], [-0.6, -0.2535211267605634], [-0.22972972972972977, -0.375], [-0.4126984126984127, -0.4545454545454546], [-1.3877787807814457e-17, -0.611111111111111], [1.3660947373317356e-17, -0.2], [0.17187499999999994, -1.0], [0.04285714285714287, -0.7777777777777778], [0.11940298507462689, -0.5], [-2.7755575615628914e-17, 0.20000000000000007], [-0.07547169811320756, -0.14285714285714282], [0.07547169811320753, 2.7755575615628914e-17], [0.017543859649122827, -1.0], [-0.19565217391304357, -0.26315789473684215], [0.09677419354838711, -0.4285714285714285], [-1.0, -0.020833333333333353], [0.25581395348837205, -1.0], [0.0769230769230769, -0.5], [0.24074074074074078, -1.0], [3.3804867736983932e-18, 6.938893903907228e-18], [-0.03999999999999998, -0.6666666666666667], [0.07407407407407407, -1.0], [0.047058823529411695, -0.33333333333333337], [-0.13924050632911394, -0.25], [0.35526315789473684, -0.6], [-0.5, -0.13636363636363638], [0.34328358208955223, -1.0], [0.4727272727272726, -0.6666666666666667], [0.28767123287671237, -1.0], [0.4714285714285715, -0.14285714285714288], [0.3285714285714286, -0.33333333333333337], [0.3870967741935483, -0.42857142857142855], [0.4600000000000002, -1.0], [0.3055555555555555, 0.0], [0.36507936507936517, 0], [0.45, 2.7755575615628914e-17], [0.4714285714285714, -0.3333333333333333], [-0.33333333333333337, 0.03389830508474581], [0.5000000000000001, -0.33333333333333337], [0.4843749999999999, 0.06666666666666667], [0.43548387096774194, -2.7755575615628914e-17], [0.42307692307692313, 0.1875], [0.27058823529411774, -0.6666666666666666], [-0.1666666666666667, -0.032258064516129004], [0.6323529411764706, -1.0], [0.5454545454545457, -1.0], [0.6666666666666666, -0.33333333333333337], [0.6301369863013698, -1.0], [0.6037735849056602, -1.0], [0.563380281690141, 0.0], [0.647887323943662, -0.33333333333333337], [0.4, 0.0], [0.6909090909090907, -1.0], [0.6346153846153845, -0.33333333333333337], [0.7746478873239435, -1.0], [0.5308641975308646, 0.0], [0.7123287671232876, -1.0], [0.6470588235294116, -0.12500000000000003], [0.7313432835820894, -1.0], [0.6619718309859153, -0.5], [0.7741935483870968, -1.0], [0.7051282051282053, -1.0], [0.6176470588235295, -0.5555555555555556], [0.7142857142857142, -0.5], [0, 0], [0, 0], [0, 0], [0, 0], [0, 0], [0, 0], [0, 0], [0, 0], [0, 0], [0, 0], [0, 0], [0, 0], [0, 0], [0, 0], [0, 0], [0, 0], [0, 0], [0, 0], [0, 0], [0, 0.9150657229524777]]}