{"v": [0.6666228484057606, 0.8888403795298566, 0.9629214164481518, 0.9876218015690433, 0.9958603290100866, 0.9986102543004123, 0.999529641530251, 0.999838101412519, 0.9999423672580201, 0.9999781638489229, 0.9999908459005235, 0.9999956123661757, 0.9999975873465186, 0.9999985204869235, 0.9999990272829019, 0.9999993371405966, 0.9999995401490944, 0.9999996744323955, 0.9999997655957609, 0.9999998281816895, 0.9999998722393502, 0.9999999037088381, 0.9999999266778075, 0.9999999435983735, 0.9999999563948179, 0.9999999660294931, 0.9999999734683003, 0.9999999792106105, 0.9999999836124814, 0.9999999870494576, 0.9999999897294476, 0.9999999918182555, 0.9999999934668954, 0.999999994767335, 0.9999999957955565, 0.9999999966152385, 0.9999999972689003, 0.9999999977917533, 0.9999999982121223, 0.999999998550392, 0.9999999988233241, 0.9999999990441953, 0.9999999992231059, 0.999999999368304, 0.9999999994863148, 0.9999999995822968, 0.9999999996604423, 0.9999999997240935, 0.9999999997759519, 0.9999999998182098, 0.9999999998526372, 0.9999999998806757, 0.9999999999034979, 0.9999999999220635, 0.9999999999371505, 0.9999999999493978, 0.9999999999593314, 0.9999999999673734, 0.9999999999738766, 0.9999999999791285, 0.9999999999833589, 0.9999999999867633, 0.9999999999894973, 0.9999999999916864, 0.9999999999934379, 0.9999999999948348, 0.9999999999959459, 0.9999999999968285, 0.9999999999975269, 0.9999999999980786, 0.9999999999985127, 0.9999999999988533, 0.9999999999991203, 0.999999999999328, 0.9999999999994893, 0.9999999999996145, 0.9999999999997105, 0.9999999999997845, 0.9999999999998408, 0.9999999999998833, 0.9999999999999158, 0.9999999999999399, 0.9999999999999578, 0.9999999999999708, 0.9999999999999799, 0.9999999999999865, 0.999999999999991, 0.9999999999999942, 0.9999999999999963, 0.9999999999999977, 0.9999999999999987, 0.9999999999999992, 0.9999999999999997, 0.9999999999999999, 1.0, 1.0, 1.0, 1.0, 1.0, 0.0], "pi": [0, 0, 0, 0, 0, 0, 0, 0, 0, 0, 0, 0, 0, 0, 0, 0, 0, 0, 0, 1, 1, 1, 1, 1, 1, 1, 1, 1, 1, 1, 1, 1, 1, 1, 1, 1, 1, 1, 2, 2, 2, 2, 2, 2, 2, 2, 2, 2, 2, 2, 2, 2, 2, 2, 2, 2, 2, 2, 2, 2, 2, 2, 1, 1, 1, 1, 1, 1, 1, 1, 1, 1, 1, 1, 1, 1, 1, 1, 1, 1, 1, 1, 1, 1, 1, 1, 0, 0, 0, 0, 0, 0, 0, 0, 0, 0, 0, 0, 0, 0], "v_record": [], "pi_record": [], "n": 100, "ph": 0.75}