{"v": [0.18156340204741903, 0.3301198895829442, 0.451672337288215, 0.551131821008144, 0.6325161841264072, 0.6991124930242155, 0.7536099482744908, 0.7982086241582547, 0.8347084321429563, 0.8645819046558127, 0.8890337415191536, 0.909049526362275, 0.9254355825635188, 0.9388515801166744, 0.9498372117834286, 0.9588340171462701, 0.9662032370250185, 0.9722404202377506, 0.9771873733874861, 0.9812419369330411, 0.9845659829143096, 0.9872919577967025, 0.9895282350702458, 0.9913634941081088, 0.9928703024116036, 0.9941080461522941, 0.995125327564478, 0.9959619261775016, 0.9966504032353989, 0.9972174142180169, 0.9976847825695636, 0.9980703780800093, 0.9983888354613764, 0.9986521421951154, 0.9988701194370332, 0.9990508154387105, 0.9992008274040198, 0.9993255648030454, 0.9994294647962898, 0.9995161684836766, 0.9995886651071304, 0.999649410038286, 0.9997004213216671, 0.9997433586755459, 0.99977958814253, 0.9998102350009795, 0.9998362270731239, 0.9998583301770054, 0.9998771771513684, 0.9998932916224921, 0.9999071074691752, 0.9999189847680323, 0.9999292228588834, 0.999938071053568, 0.9999457374162508, 0.9999523959653782, 0.9999581925837067, 0.9999632498707035, 0.9999676711289797, 0.9999715436415444, 0.9999749413681467, 0.9999779271656417, 0.9999805546182375, 0.9999828695478725, 0.9999849112622109, 0.9999867135873035, 0.999988305723421, 0.9999897129555848, 0.9999909572446095, 0.9999920577197965, 0.999993031090598, 0.9999938919914437, 0.9999946532713679, 0.9999953262379766, 0.9999959208635905, 0.9999964459599917, 0.99999690932706, 0.9999973178796456, 0.9999976777562545, 0.9999979944124961, 0.9999982727017287, 0.9999985169449099, 0.9999987309913199, 0.9999989182715371, 0.9999990818438143, 0.9999992244348097, 0.9999993484754733, 0.9999994561327563, 0.9999995493377047, 0.9999996298104128, 0.9999996990822346, 0.9999997585155971, 0.9999998093217024, 0.9999998525763693, 0.9999998892342279, 0.9999999201414519, 0.9999999460471882, 0.9999999676138254, 0.9999999854262214, 0.0], "pi": [0, 0, 0, 0, 0, 0, 0, 0, 0, 0, 0, 0, 0, 0, 0, 0, 0, 0, 0, 0, 0, 0, 0, 0, 0, 0, 0, 0, 0, 0, 0, 0, 0, 0, 0, 0, 0, 0, 0, 0, 0, 0, 0, 0, 0, 0, 0, 0, 0, 0, 0, 0, 0, 0, 0, 0, 0, 0, 0, 0, 0, 0, 0, 0, 0, 0, 0, 0, 0, 0, 0, 0, 0, 0, 0, 0, 0, 0, 0, 0, 0, 0, 0, 0, 0, 0, 0, 0, 0, 0, 0, 0, 0, 0, 0, 0, 0, 0, 0, 0], "v_record": [], "pi_record": [], "n": 100, "ph": 0.55}