{"v": [7.2479248046875e-05, 0.00029002595692873, 0.0006952574476599693, 0.0011655353009700775, 0.0017711780965328217, 0.0027810297906398773, 0.004036610771436244, 0.004662820138037205, 0.005601182579994202, 0.007084712386131287, 0.009040847420692444, 0.01112411916255951, 0.015679359436035156, 0.016146443085744977, 0.016953383572399616, 0.018652458078577183, 0.01982588693499565, 0.022405635565519333, 0.027384519577026367, 0.028340037679299712, 0.03049441520124674, 0.036163389682769775, 0.038495811400935054, 0.04449685855070129, 0.0625, 0.06271751946769655, 0.06337415147572756, 0.06458577234297991, 0.0659971151035279, 0.06781353428959846, 0.07084308937191963, 0.07460983231430873, 0.07648934355893289, 0.0793042266741395, 0.08375502825947478, 0.08962254226207733, 0.09587264391302597, 0.10953813960077241, 0.11093932925723493, 0.11336015071719885, 0.11845737423573155, 0.12197817000560462, 0.129716906696558, 0.1446536047005793, 0.14752011303789914, 0.15398362750420347, 0.17099020352543448, 0.1779877206281526, 0.19599079047111445, 0.25, 0.25021751946769655, 0.25087415147572756, 0.2520857723429799, 0.2534971151035279, 0.25531353428959846, 0.25834308937191963, 0.26210983231430873, 0.2639893435589329, 0.2668042266741395, 0.2712550282594748, 0.27712254226207733, 0.28337264391302597, 0.2970381396007724, 0.29843932925723493, 0.30086015071719885, 0.30595737423573155, 0.3094781700056046, 0.317216906696558, 0.3321536047005793, 0.33502011303789914, 0.34148362750420347, 0.3584902035254345, 0.3654877206281526, 0.38349079047111445, 0.4375, 0.43815561360679567, 0.4401228363276459, 0.4437573170289397, 0.44799200766919967, 0.4534412711946061, 0.4625294829347695, 0.4738294969429262, 0.47946803067679866, 0.4879126800224185, 0.5012650847784244, 0.5188676526440759, 0.5376180928533358, 0.5786167102050968, 0.5828179877717048, 0.5900809533959546, 0.6053721227071946, 0.6159345100168139, 0.6391507394830569, 0.6839625326538226, 0.6925607150469659, 0.7119508825126104, 0.7629718994903669, 0.7839631618844578, 0.8379723714133434, 0.0], "pi": [0, 1, 2, 3, 4, 5, 6, 7, 8, 9, 10, 11, 12, 10, 9, 8, 16, 6, 18, 4, 20, 21, 22, 23, 24, 0, 1, 2, 3, 4, 5, 6, 7, 8, 9, 10, 11, 37, 10, 39, 8, 7, 42, 43, 44, 3, 46, 1, 0, 49, 0, 1, 2, 3, 4, 5, 6, 7, 8, 9, 10, 11, 12, 10, 14, 8, 7, 17, 18, 19, 3, 21, 1, 0, 24, 0, 1, 2, 3, 4, 5, 6, 7, 8, 9, 10, 11, 11, 10, 9, 8, 7, 6, 5, 4, 3, 2, 1, 0, 0], "v_record": [], "pi_record": [], "n": 100, "ph": 0.25}