{"metadata": {"theta": 1e-05, "gamma": 1, "algo": "value", "time": "2024-08-03 19:48:51.038638"}, "n": 100, "ph": 0.1, "v": [0.0, 1.0000000000000004e-06, 3.4390000000000017e-06, 1.0900000000000006e-05, 1.900000000000001e-05, 3.5046100000000023e-05, 0.00010000000000000005, 0.00010900000000000005, 0.00012439000000000005, 0.0001915390000000001, 0.0002710000000000001, 0.00035206122790000017, 0.0010000000000000005, 0.0010030951000000003, 0.0010171000000000004, 0.0010900000000000005, 0.0011119510000000003, 0.0012439000000000005, 0.0019000000000000006, 0.0019153900000000008, 0.0020007559000000006, 0.0027100000000000006, 0.0028006803100000008, 0.0035206122790000013, 0.010000000000000002, 0.010000900000000004, 0.010009810000000003, 0.010031541490000004, 0.010098100000000002, 0.010172385100000004, 0.010316855105110004, 0.010902785590000004, 0.010981000000000003, 0.011119510000000003, 0.011723851000000004, 0.012439000000000004, 0.013168551051100003, 0.019000810000000007, 0.019028387341000007, 0.019155146590000005, 0.019812507031000005, 0.020007559000000005, 0.021195100000000005, 0.027100729000000007, 0.027239631931000007, 0.028006803100000005, 0.034390656100000014, 0.03520612279000001, 0.04168551051100001, 0.1, 0.10000090000000002, 0.10000981, 0.10003154149000001, 0.10009810000000001, 0.10017238510000001, 0.10031685510511001, 0.10090278559000002, 0.10098100000000002, 0.10111951000000001, 0.10172385100000002, 0.10243900000000002, 0.10316855105110001, 0.10900081000000002, 0.10902838734100002, 0.10915514659000002, 0.10981250703100003, 0.11000755900000002, 0.11119510000000002, 0.11710072900000001, 0.11723963193100002, 0.11800680310000002, 0.12439065610000002, 0.12520612279, 0.13168551051100003, 0.19, 0.19000882900000002, 0.19008829000000002, 0.190285169594599, 0.19088290000000002, 0.19155146590000002, 0.19285169594599003, 0.19812554860690001, 0.19883125632790002, 0.20007559000000003, 0.20551566873790003, 0.21195159049000004, 0.21851695945990002, 0.2710079461, 0.2712566526351391, 0.27239631931, 0.27831299374621, 0.280068031, 0.29075643144100005, 0.34390715149, 0.34515668737900007, 0.35206122790000005, 0.409516436341, 0.41685510511, 0.475169594599, 0.0], "pi": [0, 1, 2, 3, 4, 5, 6, 7, 8, 9, 10, 11, 12, 13, 14, 15, 7, 17, 18, 19, 3, 21, 1, 0, 24, 0, 1, 2, 3, 4, 5, 6, 7, 8, 9, 10, 11, 37, 38, 9, 40, 7, 42, 43, 4, 3, 46, 47, 0, 49, 0, 1, 2, 3, 4, 5, 6, 7, 8, 9, 10, 11, 12, 13, 9, 15, 7, 17, 18, 4, 3, 21, 1, 0, 24, 0, 1, 2, 3, 4, 5, 6, 7, 8, 9, 10, 11, 11, 10, 9, 8, 7, 6, 5, 4, 3, 2, 1, 0, 0], "v_record": [], "pi_record": []}