{"v": [0.002064668189261825, 0.005163931860408994, 0.009225211605009461, 0.012910146667927311, 0.01738520761099879, 0.02306353623957138, 0.027814027790909447, 0.03227536666981828, 0.03768436758937602, 0.04346334308922191, 0.05035415907938076, 0.05765915761583327, 0.0652388009135571, 0.0695351269630057, 0.07443112456659928, 0.08068841667454568, 0.08661062055362563, 0.09421249544762847, 0.10314328054813428, 0.10865867473995959, 0.11596637233217538, 0.12588596832888058, 0.13357982339930524, 0.14414789403958317, 0.16000000000000003, 0.16309835911624543, 0.1677460880007564, 0.17383812174374286, 0.179365220001891, 0.18607800585353318, 0.19459549456949998, 0.20172107617780347, 0.20841305000472746, 0.21652749726857712, 0.22519520484397582, 0.2355315809973284, 0.2464887364237499, 0.25785901546974727, 0.2643028730462457, 0.27164680351211995, 0.28103264570668207, 0.2899164983611463, 0.30131894859839703, 0.31471540928184843, 0.32298808210727203, 0.3339498990166878, 0.3488292455691091, 0.3603699394100127, 0.3762219636460077, 0.4, 0.4030983591162454, 0.4077460880007564, 0.41383812174374285, 0.41936522000189097, 0.42607800585353317, 0.4345954945695, 0.44172107617780343, 0.4484130500047274, 0.4565274972685771, 0.4651952048439758, 0.4755315809973284, 0.4864887364237499, 0.49785901546974726, 0.5043028730462458, 0.51164680351212, 0.5210326457066821, 0.5299164983611463, 0.541318948598397, 0.5547154092818485, 0.562988082107272, 0.5739498990166878, 0.5888292455691091, 0.6003699394100127, 0.6162219636460077, 0.64, 0.6446476528004539, 0.6516191320011346, 0.6607572967416999, 0.6690478300028364, 0.6791171229063855, 0.6918932418542499, 0.7025817238277474, 0.7126195874240093, 0.7247913691590382, 0.7377928492643633, 0.7532975473414655, 0.7697331781876047, 0.7867885916802724, 0.79645437804502, 0.8074702737438313, 0.8215490342966485, 0.8348748214954229, 0.8519785284048793, 0.8720731550081634, 0.8844821642462988, 0.9009248928972537, 0.9232438930048981, 0.9405549357383522, 0.9643329614430114, 0.0], "pi": [0, 1, 2, 3, 4, 5, 6, 7, 8, 9, 10, 11, 12, 13, 14, 15, 16, 17, 18, 19, 20, 21, 22, 23, 24, 0, 1, 2, 3, 4, 5, 6, 7, 8, 9, 10, 11, 37, 38, 39, 40, 41, 42, 43, 44, 45, 46, 47, 48, 49, 0, 1, 2, 3, 4, 5, 6, 7, 8, 9, 10, 11, 12, 13, 14, 15, 16, 17, 18, 19, 20, 21, 22, 23, 24, 0, 1, 2, 3, 4, 5, 6, 7, 8, 9, 10, 11, 11, 10, 9, 8, 7, 6, 5, 4, 3, 2, 1, 0, 0], "v_record": [], "pi_record": [], "n": 100, "ph": 0.4}