{"n": 5, "rent_cost": 10, "move_cost": -2, "lose_cost": 0, "l1_rent": 3, "l2_rent": 4, "l1_return": 3, "l2_return": 2, "max_move": 5, "v": [20.201659561869093, 25.34805939111179, 31.66541327890906, 38.1228621215232, 45.117404375975305, 51.38314540224814, 24.138213762100044, 30.676614486224388, 38.59145924255159, 46.429394967781896, 52.694689127012545, 59.46791978109541, 29.385425313476574, 37.30607214795349, 45.14369383971689, 53.892208229909656, 60.77449181591758, 65.51200943724776, 36.0159714240969, 43.85550023850072, 52.605031456463365, 59.627879763914926, 66.81705650606546, 71.11817655722498, 42.56444009047553, 51.31568505573337, 58.339377005193995, 65.52823739636999, 70.68941236373121, 74.89695316510335, 50.02384978146056, 57.05026580339919, 64.2388714591886, 69.40391382728139, 73.61084220706125, 76.99078255366112], "pi": [0, 1, 2, 3, 3, 4, 0, 1, 2, 3, 4, 3, 1, 2, 3, 3, 3, 2, 2, 3, 3, 2, 2, 2, 3, 3, 2, 2, 1, 1, 3, 2, 2, 1, 1, 0], "v_record": [[0, 5.28207417380086], [1, 6.967542609084098], [2, 6.87050357332338], [3, 6.1734961171044125], [4, 5.0629725773315775], [5, 3.7684328834731913], [6, 8.540502189136744], [7, 8.946528283226481], [8, 8.056674998439027], [9, 6.700274266445359], [10, 5.202185530670084], [11, 12.457515880382216], [12, 10.38949080779186], [13, 10.262903197840783], [14, 8.701870536164627], [15, 6.90854746983873], [16, 14.153801319882147], [17, 22.217356413464895], [18, 11.728522569358109], [19, 11.026918491431127], [20, 8.9987304367814], [21, 16.22914703606439], [22, 24.317872641646655], [23, 31.378810477419883], [24, 12.526736430671862], [25, 11.409649655580672], [26, 18.663119592774127], [27, 26.88367617149005], [28, 34.2219478936874], [29, 39.09311062703622], [30, 12.989480839025674], [31, 23.405080367106514], [32, 32.467666375907], [33, 41.247188349384864], [34, 47.968843908185754], [35, 52.07882988266102], [0, 9.568628026518486], [1, 11.78222880288652], [2, 12.59796622544529], [3, 12.867621892098464], [4, 12.62666867253029], [5, 12.019227300049486], [6, 13.298717817473534], [7, 14.353934516074233], [8, 14.49957282285343], [9, 14.119100727950876], [10, 13.395410720779617], [11, 21.868192553843322], [12, 15.756393363004348], [13, 16.282115409054473], [14, 15.789248485023538], [15, 14.912068239952074], [16, 23.395281333703124], [17, 33.423082775624586], [18, 17.695823427671947], [19, 17.625697963161745], [20, 16.62326476072332], [21, 25.122448735717963], [22, 35.18162886747222], [23, 44.83322252794853], [24, 19.05076409419373], [25, 18.51027956069407], [26, 27.027053154443458], [27, 37.128533293824084], [28, 46.85601245251649], [29, 54.3254461219336], [30, 19.9479129261059], [31, 30.116735963698115], [32, 40.23725323615555], [33, 50.05695497117236], [34, 57.683379720760236], [35, 62.49908356820961], [0, 12.429913764080439], [1, 14.55855079540066], [2, 15.701287285543668], [3, 16.307970678752735], [4, 16.345111247850785], [5, 15.92740340527335], [6, 15.97638873136646], [7, 17.25397012284873], [8, 17.791368267836166], [9, 17.75030288141822], [10, 17.267826739358988], [11, 25.863013432043527], [12, 18.605137176039676], [13, 19.344438541003036], [14, 19.243533858776793], [15, 18.679709129276798], [16, 27.278483194121485], [17, 37.521182970704444], [18, 20.6983268083907], [19, 20.810254402221457], [20, 20.183183113985756], [21, 28.78685773389285], [22, 39.03735491662886], [23, 48.979015674025945], [24, 22.165674532062983], [25, 21.759527781526334], [26, 30.366095822444457], [27, 40.621795721120655], [28, 50.57144132260668], [29, 58.30810217400502], [30, 23.11404396528513], [31, 32.461701715168466], [32, 42.664335542874596], [33, 52.56617631858904], [34, 60.27175425073867], [35, 65.15577121227369], [0, 14.113534775051875], [1, 16.02849508393159], [2, 17.2745977665518], [3, 17.98075360471918], [4, 18.084357626426314], [5, 17.696516920100642], [6, 17.387114406804013], [7, 18.704831077478236], [8, 19.37465016320421], [9, 19.437213253697536], [10, 19.01557659253661], [11, 27.58503359266407], [12, 20.027693654514877], [13, 20.798500995211338], [14, 20.830983995591072], [15, 20.36881411590094], [16, 28.939212947148338], [17, 39.15305128189148], [18, 22.121363986961207], [19, 22.254852380333013], [20, 21.762524800522748], [21, 30.334104518295412], [22, 40.54953065098431], [23, 50.464063812590815], [24, 23.577201129411026], [25, 23.185128586368666], [26, 31.756752883992686], [27, 41.97174095818256], [28, 51.88512080952565], [29, 59.59948467511553], [30, 24.505815219011456], [31, 33.401575264265816], [32, 43.584973890203514], [33, 53.46520133242872], [34, 61.1517262177494], [35, 66.02203647820618], [0, 15.02703036522147], [1, 16.764931748814927], [2, 18.03755903196567], [3, 18.766969805827575], [4, 18.878827741190406], [5, 18.485915880592938], [6, 18.091621879788416], [7, 19.40022089158991], [8, 20.111534072956655], [9, 20.202957418766406], [10, 19.793289432671376], [11, 28.338502292839944], [12, 20.708831646020506], [13, 21.46855679597999], [14, 21.54550582823497], [15, 21.11646288068672], [16, 29.6618490166578], [17, 39.84334015774465], [18, 22.776730123759414], [19, 22.900240680331272], [20, 22.45725462352861], [21, 31.0028532392294], [22, 41.184550318675804], [23, 51.06313525645997], [24, 24.20785420766239], [25, 23.809697268669005], [26, 32.355042535725424], [27, 42.53602941267284], [28, 52.41330103163038], [29, 60.0964371883556], [30, 25.116340179631482], [31, 33.80363059987554], [32, 43.96975371995352], [33, 53.830857466908796], [34, 61.4997324105701], [35, 66.3564576344589], [0, 15.495875777261238], [1, 19.716309264510805], [2, 24.651677998551474], [3, 29.441630213089855], [4, 35.8315368255326], [5, 41.06285539617039], [6, 18.638238191121857], [7, 24.48992750224051], [8, 31.463624543417886], [9, 38.30697832155968], [10, 43.21735651851434], [11, 49.51294262397977], [12, 23.581473862587302], [13, 30.904374214219853], [14, 37.174117381664544], [15, 45.56151033354694], [16, 52.289475563622666], [17, 56.17835548488524], [18, 30.44366229603707], [19, 36.97234511767012], [20, 45.58935455233849], [21, 51.63418188877883], [22, 59.10065542749428], [23, 63.78405337239819], [24, 36.65119401371022], [25, 45.604190887928475], [26, 51.79872464248785], [27, 59.26069649007783], [28, 63.760718419526306], [29, 68.47609564876696], [30, 45.2208755555168], [31, 52.066672897040505], [32, 59.32131217256854], [33, 64.77462180231787], [34, 69.0851072259411], [35, 72.9672544975616], [0, 17.18237471641962], [1, 22.476695147590956], [2, 28.561042870177058], [3, 34.141183239847294], [4, 41.75691032130252], [5, 47.84724662635053], [6, 21.442303140770427], [7, 28.09482538060389], [8, 35.88780462069352], [9, 43.57830433181886], [10, 49.533739638030774], [11, 56.28189339922047], [12, 26.96117716208285], [13, 34.946962165277526], [14, 42.45636540111819], [15, 51.25938717752173], [16, 58.06127035396711], [17, 62.67197126053268], [18, 33.91789473992234], [19, 41.536138068378754], [20, 50.37341421044732], [21, 57.27131752357655], [22, 64.44443858405151], [23, 68.73573797945758], [24, 40.50273666311158], [25, 49.4298556955841], [26, 56.36176022189421], [27, 63.5397520175844], [28, 68.60914583714128], [29, 72.8428579009086], [30, 48.362332900325626], [31, 55.42094791908552], [32, 62.60196434347603], [33, 67.84896886545157], [34, 72.06621616352666], [35, 75.61815310805729], [0, 18.67122248410066], [1, 24.096999173312177], [2, 30.392726050174982], [3, 36.058739098136975], [4, 43.87630158108816], [5, 50.06260339246881], [6, 23.00302826765688], [7, 29.64817884264833], [8, 37.55594439719069], [9, 45.38168503766533], [10, 51.51729904690483], [11, 58.387851422769344], [12, 28.414611854832035], [13, 36.39683406673797], [14, 44.08121682512676], [15, 52.96356858354069], [16, 59.841009984360014], [17, 64.56954159790145], [18, 35.186363630865486], [19, 42.90959860446945], [20, 51.79698589879421], [21, 58.812822643682246], [22, 66.00701598450324], [23, 70.31416177813773], [24, 41.690870204508364], [25, 50.60512313764106], [26, 57.631949633134994], [27, 64.82840269377179], [28, 