{"metadata": {"explore_starts": false, "eps": 0.1, "alpha": 0.1, "gamma": 1.0, "n": 10, "num_ep": 100000, "algo": "qlearn", "time": "2024-08-18 17:59:42.906601"}, "actions": [[[1, 0], [-1, 0], [0, -1], [0, 1]], [[1, 0], [0, 1], [-1, 0], [0, -1]], [[0, 1], [0, -1], [-1, 0], [1, 0]], [[1, 0], [0, -1], [0, 1], [-1, 0]], [[1, 0], [-1, 0], [0, 1], [0, -1]], [[1, 0], [0, 1], [0, -1], [-1, 0]], [[-1, 0], [0, -1], [1, 0], [0, 1]], [[0, -1], [1, 0], [0, 1], [-1, 0]], [[0, 1], [1, 0], [0, -1], [-1, 0]], [[-1, 0], [0, -1], [0, 1], [1, 0]], [[0, -1], [-1, 0], [0, 1], [1, 0]], [[1, 0], [-1, 0], [0, -1], [0, 1]], [[0, -1], [-1, 0], [0, 1], [1, 0]], [[0, -1], [-1, 0], [0, 1], [1, 0]], [[0, 1], [-1, 0], [0, -1], [1, 0]], [[-1, 0], [0, -1], [1, 0], [0, 1]], [[1, 0], [0, -1], [-1, 0], [0, 1]], [[-1, 0], [0, 1], [0, -1], [1, 0]], [[0, -1], [0, 1], [-1, 0], [1, 0]], [[1, 0], [0, -1], [0, 1], [-1, 0]], [[0, -1], [-1, 0], [1, 0], [0, 1]], [[1, 0], [-1, 0], [0, 1], [0, -1]], [[0, -1], [1, 0], [-1, 0], [0, 1]], [[0, -1], [-1, 0], [0, 1], [1, 0]], [[0, 1], [1, 0], [0, -1], [-1, 0]], [[0, 1], [-1, 0], [0, -1], [1, 0]], [[-1, 0], [0, 1], [0, -1], [1, 0]], [[0, -1], [0, 1], [1, 0], [-1, 0]], [[1, 0], [0, -1], [0, 1], [-1, 0]], [[0, -1], [0, 1], [-1, 0], [1, 0]], [[0, 1], [-1, 0], [1, 0], [0, -1]], [[1, 0], [-1, 0], [0, 1], [0, -1]], [[1, 0], [0, -1], [-1, 0], [0, 1]], [[0, -1], [1, 0], [-1, 0], [0, 1]], [[-1, 0], [0, -1], [1, 0], [0, 1]], [[0, 0]]], "cells": [[16, 6], [16, 7], [16, 8], [16, 9], [16, 10], [16, 11], [17, 6], [17, 11], [18, 6], [18, 8], [18, 9], [18, 10], [18, 11], [19, 6], [19, 8], [20, 6], [20, 8], [20, 9], [20, 10], [20, 11], [21, 6], [21, 9], [22, 6], [22, 7], [22, 8], [22, 9], [22, 10], [22, 11], [23, 11], [24, 6], [24, 7], [24, 8], [24, 9], [24, 10], [24, 11]], "starts": [[16, 6]], "finish": [[24, 6]], "q": [[-17.999999999999893, -18.99999999999988, -18.99999999999988, -19.999999999999865], [-19.999999999999865, -20.99999999999985, -19.999999999999865, -18.99999999999988], [-21.999999999999837, -19.999999999999865, -20.99999999999985, -20.99999999999985], [-21.999999999999837, -20.99999999999985, -20.99999999999985, -21.999999999999837], [-20.99999999999985, -20.99999999999985, -19.999999999999865, -21.999999999999837], [-18.99999999999988, -19.999999999999865, -20.99999999999985, -19.999999999999865], [-18.99999999999988, -17.999999999999893, -16.999999999999908, -17.999999999999893], [-18.99999999999988, -17.999999999999893, -18.99999999999988, -19.999999999999865], [-16.999999999999908, -15.999999999999922, -16.999999999999908, -17.999999999999893], [-14.999999999999929, -14.999999999999929, -15.999999999999922, -13.999999999999936], [-14.999999999999929, -15.999999999999922, -16.999999999999908, -15.999999999999922], [-16.999999999999908, -16.999999999999908, -15.999999999999922, -17.999999999999893], [-16.999999999999908, -18.99999999999988, -17.999999999999893, -17.999999999999893], [-15.999999999999922, -16.999999999999908, -15.999999999999922, -14.999999999999929], [-13.999999999999936, -14.999999999999929, -13.999999999999936, -12.999999999999943], [-15.999999999999922, -14.999999999999929, -13.999999999999936, -14.999999999999929], [-12.999999999999943, -12.999999999999943, -13.999999999999936, -11.99999999999995], [-11.99999999999995, -12.999999999999943, -12.999999999999943, -10.999999999999957], [-11.99999999999995, -13.999999999999936, -12.999999999999943, -12.999999999999943], [-13.999999999999936, -12.999999999999943, -13.999999999999936, -13.999999999999936], [-13.999999999999936, -14.999999999999929, -12.999999999999943, -13.999999999999936], [-9.999999999999964, -11.99999999999995, -10.999999999999957, -10.999999999999957], [-12.999999999999943, -12.999999999999943, -13.999999999999936, -11.99999999999995], [-12.999999999999943, -11.99999999999995, -10.999999999999957, -11.99999999999995], [-9.999999999999964, -10.999999999999957, -11.99999999999995, -10.999999999999957], [-8.999999999999972, -10.999999999999957, -10.999999999999957, -9.999999999999964], [-8.999999999999972, -7.9999999999999805, -9.999999999999964, -8.999999999999972], [-8.999999999999972, -7.9999999999999805, -6.999999999999984, -7.9999999999999805], [-5.999999999999988, -6.999999999999984, -6.999999999999984, -7.9999999999999805], [0, 0, 0, 0], [-2.9999999999999964, -1.9999999999999987, -1.9999999999999987, -0.9999999999999996], [-2.9999999999999964, -2.9999999999999964, -3.9999999999999947, -1.9999999999999987], [-3.9999999999999947, -2.9999999999999964, -3.9999999999999947, -4.999999999999991], [-3.9999999999999947, -4.999999999999991, -4.999999999999991, -5.999999999999988], [-6.999999999999984, -4.999999999999991, -5.999999999999988, -5.999999999999988], [0]], "pi": [0, 3, 1, 1, 2, 0, 2, 1, 1, 3, 0, 2, 0, 3, 3, 2, 3, 3, 0, 1, 2, 0, 3, 2, 0, 0, 1, 2, 0, 0, 3, 3, 1, 0, 1, 0], "b": [[0.925, 0.025, 0.025, 0.025], [0.925, 0.025, 0.025, 0.025], [0.925, 0.025, 0.025, 0.025], [0.925, 0.025, 0.025, 0.025], [0.925, 0.025, 0.025, 0.025], [0.925, 0.025, 0.025, 0.025], [0.925, 0.025, 0.025, 0.025], [0.925, 0.025, 0.025, 0.025], [0.925, 0.025, 0.025, 0.025], [0.925, 0.025, 0.025, 0.025], [0.925, 0.025, 0.025, 0.025], [0.925, 0.025, 0.025, 0.025], [0.925, 0.025, 0.025, 0.025], [0.925, 0.025, 0.025, 0.025], [0.925, 0.025, 0.025, 0.025], [0.925, 0.025, 0.025, 0.025], [0.925, 0.025, 0.025, 0.025], [0.925, 0.025, 0.025, 0.025], [0.925, 0.025, 0.025, 0.025], [0.925, 0.025, 0.025, 0.025], [0.925, 0.025, 0.025, 0.025], [0.925, 0.025, 0.025, 0.025], [0.925, 0.025, 0.025, 0.025], [0.925, 0.025, 0.025, 0.025], [0.925, 0.025, 0.025, 0.025], [0.925, 0.025, 0.025, 0.025], [0.925, 0.025, 0.025, 0.025], [0.925, 0.025, 0.025, 0.025], [0.925, 0.025, 0.025, 0.025], [0.925, 0.025, 0.025, 0.025], [0.925, 0.025, 0.025, 0.025], [0.925, 0.025, 0.025, 0.025], [0.925, 0.025, 0.025, 0.025], [0.925, 0.025, 0.025, 0.025], [0.925, 0.025, 0.025, 0.025], [1.0]]}