{"metadata": {"explore_starts": false, "a_eps": 0.1, "eps": 0.1, "alpha": 0.05, "gamma": 1.0, "num_ep": 500, "algo": "sarsa", "time": "2024-09-11 22:05:34.327895"}, "dim": 2, "num_layers": 8, "d": 648, "num_per_dim": [8, 8], "offsets": [1, 1], "w": [-8.434109158367432, -8.082861354876844, -8.808458536038287, -9.175393752783737, -7.220381154571887, -0.12238296853610962, 0.0, 0.0, 0.0, -7.736300228889697, -8.754221824201732, -9.68867541335619, -9.049257719377882, -9.604682215089179, -8.98668935516905, -0.53238041926917, 0.0, 0.0, -7.625084574621115, -11.255352797568436, -14.971859658531598, -16.25591412663081, -10.817877108854416, -10.378518726593711, -10.188627881786429, -0.08452230776023717, 0.0, -9.077656548963809, -16.553129417358363, -21.52859075067666, -22.59791263533734, -14.852450412535362, -12.229319558830774, -11.336067572925907, -8.305910819774741, 0.0, -6.6545823273688125, -15.96068770792456, -19.30922723573531, -23.421690716129856, -18.95115636580845, -12.304430011354643, -14.808349444472388, -0.9384757563951058, 0.0, -4.543695590747401, -9.212204491668828, -16.684611039117968, -17.527361113553244, -16.182755358224735, -14.680737941605319, -5.749622656305917, -2.1707034890658936, 0.0, -3.0095268841289182, -3.7228120951852675, -8.266236745660132, -9.615748410053872, -8.038922187107627, -5.359456607597055, -1.0978970072537773, -1.5972354881075883, 0.0, 0.0, 0.0, -1.4182118373861916, -1.0232209183414045, -0.4238524007294648, 3.1812420681378564, 0.0, 0.0, 0.0, 0.0, 0.0, 0.0, 0.0, 0.0, 0.0, 0.0, 0.0, 0.0, -6.127855505534696, -7.734981409955391, -10.147782388780367, -9.090421158183446, -6.577771141405564, 0.0, 0.0, 0.0, 0.0, -6.857483554310537, -7.973466522922844, -7.665831053933606, -8.74809937052349, -9.375976127881533, -8.831310831082872, -1.4282358328616467, 0.0, 0.0, -6.969423046834826, -10.111148421534617, -16.43134883594754, -15.361415260194553, -9.964430650253314, -9.978254302036637, -10.144769270802755, -0.8359826728467153, 0.0, -7.8126519072606815, -15.059543910374577, -21.265670241313405, -21.617892058566476, -14.807885921328856, -11.08571577206007, -10.914505604780738, -7.043923365616439, 0.0, -6.310313534101676, -15.015764474438676, -16.88252573189187, -24.160916795281995, -19.09166120346761, -11.552090236452429, -12.038675374058423, -7.107879484849178, -2.654275535567326, -4.582879146106287, -8.145923000254722, -16.828062001574178, -17.20537872000211, -15.424229706782828, -16.61177588814484, -9.108903057296871, -0.36651091542160263, 0.24011205191736124, -1.6184527084228446, -4.139641700340955, -8.74440464197543, -10.207841817071637, -11.051785215807373, -6.296646267988194, -2.1595521821491026, -1.4174649257557166, -0.40173820958930045, 0.0, 0.0, -1.848630219780021, -1.9634925843127395, -1.258464314075072, -0.2906938014989885, 0.46347872350214864, 0.0, 0.0, 0.0, 0.0, 0.0, 0.0, 0.0, 0.0, 0.0, 0.0, 0.0, -3.275120384722351, -7.037352349413563, -8.035113783245075, -8.058063489581784, -5.421445323792977, 0.0, 0.0, 0.0, 0.0, -7.530322567388604, -8.333283315205856, -8.699297042653008, -8.906112213755025, -9.468181132324668, -8.48198362213625, -0.9865806433766799, 0.0, 0.0, -7.911041046742913, -9.149311565735704, -13.633078890024754, -14.487688516555508, -9.539680892103725, -9.394787063865127, -9.148365125357312, -0.16109254158200462, 0.0, -6.948590509358935, -13.128472311887165, -20.272733081608028, -21.272234718637073, -16.037749844174364, -12.09991072320644, -10.572973806823434, -9.786538319554374, 0.0, -6.393632415297879, -12.888028830743979, -17.746598502180394, -25.251134598796334, -20.88608062410203, -12.372449408742773, -11.468643243838615, -11.71753285227942, -3.0724620350293788, -4.813259697423212, -9.630429782527793, -16.005124431309223, -16.780791126862106, -16.173637419695297, -16.31519118503391, -10.291855783665245, -1.3643542128036268, 1.2312077062089068, 0.0, -4.035844564985177, -9.511876768184424, -13.621750634772718, -12.17901091530457, -7.181762844580984, -1.446811931169052, 0.3885355670024286, 0.8981924237472185, 0.0, 0.0, -2.3915606859978364, -3.56168862928533, -2.5139247924391714, -1.4332072363680213, 2.561055523103578, 0.0, 0.0, 0.0, 0.0, 0.0, 0.0, 0.0, 0.0, 0.0, 0.0, 0.0, -0.21823130993502124, -5.838736654532231, -6.9636174055513695, -6.794511590939547, -3.9532675621082807, 0.0, 0.0, 0.0, 0.0, -7.788862828674708, -7.94571601824203, -8.039883387116266, -8.407219912784194, -9.446686976271405, -8.063060315011485, -1.9768485906709325, 0.0, 0.0, -7.0404103432376575, -8.610525513052648, -13.164635135772272, -12.553544678779499, -10.01728793827635, -9.709104499327534, -9.221108120165612, -0.24997216103337905, 0.0, -8.131792440105416, -12.576842625574344, -18.88725915251926, -20.823371893186817, -16.109975659659497, -11.873077666818759, -10.105593177851523, -11.26331353884366, -0.41235838860907564, -6.824790075833762, -13.684242554911233, -16.875593960965833, -25.279743416306726, -20.79181680502737, -12.72369070899275, -9.742170798463395, -15.431743695317829, 3.4634716205726055, -3.7608894082046773, -9.494112085873724, -16.561761540159445, -16.773614247751947, -16.75203284618968, -15.319192288081066, -13.27916748765527, -4.0905316608059685, -0.46202809049992005, 0.0, -4.395776806250164, -10.190592650155756, -14.306400897082952, -12.473364462876946, -9.951338576369812, -2.8551371942750206, 0.25735478057943384, 0.5113805157923885, 0.0, 0.0, -2.6676841565276384, -3.9741952983151183, -4.868498955181457, -1.6861252909279514, 3.461479476107363, -0.03739370756648421, 0.0, 0.0, 0.0, 0.0, 0.0, 0.0, 0.0, 0.0, 0.0, 0.0, 0.0, -2.789605480092314, -6.083842225582038, -6.008132887754033, -2.259252129532392, 0.0, 0.0, 0.0, 0.0, -6.666801386015583, -7.366316892508115, -7.964426606733383, -8.329712930916072, -9.060105569268766, -8.812618616224844, -0.7879288220522294, 0.0, 0.0, -7.346078533707215, -8.30402792828551, -11.429325885927083, -11.21899034077856, -10.38307997115868, -9.70360010147531, -8.788727399273949, -1.4601356095816962, 0.0, -7.095129159403501, -11.216092857545986, -17.99675912657859, -20.380405952523592, -14.732928846836812, -10.9466614229428, -11.201611409272644, -10.801761079118656, -0.41110492059910336, -6.267617459300743, -11.753598009937198, -17.178782483226357, -23.245357772628566, -18.8351044273884, -13.84646699729937, -13.071104456809694, -12.309115197365347, 2.1187422810204706, -4.9155687156623795, -7.071189480307913, -17.82854775771098, -18.31307969069269, -16.44908150580538, -12.285066883112231, -14.487071260299267, -6.443932218566829, -1.051502904981156, 0.0, -4.060133786528689, -10.691543910870191, -16.260292782483006, -15.653987142576419, -11.520479271257805, -5.965370759095728, -0.6170748091546667, -0.29246698505683016, 0.0, 0.0, -2.5687993414780528, -5.624034925974814, -4.1218107308070815, -3.151342280958724, 0.5144434207198748, -0.6302134966071036, 0.0, 0.0, 0.0, 0.0, 0.0, -0.3250429242760336, 0.0, 0.0, 0.0, 0.0, 0.0, 0.0, -4.637150505650555, -4.827280912922289, -1.4652342665654867, 0.0, 0.0, 0.0, 0.0, -7.315433797135377, -7.737730738386257, -8.407603166541488, -8.222210538639965, -8.282970676306439, -7.393148967945094, -1.361262884206029, 0.0, 0.0, -6.5386227553027085, -7.724132287739064, -10.105901629506649, -11.205432779902932, -10.013276576235848, -8.825635291010354, -8.171249691790992, -1.718222844848632, 0.0, -7.447438374483276, -10.23660046767962, -16.914394321103508, -17.155879075199692, -15.46443962553007, -10.276786462185585, -10.388727128253349, -10.479090090346444, 0.0, -7.493126649919945, -11.429689305247834, -17.624525043519178, -24.033405303619542, -20.729509814874262, -11.940561675331768, -11.873359716543519, -11.101410154741732, -5.925925685359676, -5.801767942063425, -7.257729588532992, -15.966507892026824, -16.81642989185796, -16.318703947344822, -12.673137114596628, -12.62011527087355, -8.55071196204969, -1.7300629068915099, 0.0, -4.233611324277423, -9.770416205675998, -15.178198767885739, -15.367946011259514, -13.652960905336482, -9.377576516846178, 0.6991063609806726, 