{"metadata": {"explore_starts": false, "a_eps": 0.1, "eps": 0.1, "alpha": 0.05, "gamma": 1.0, "num_ep": 500, "algo": "sarsa", "time": "2024-09-24 21:54:44.121279", "num_steps": 1, "beta": 0.1}, "num_layers": 8, "tile_frac": 8, "dim": 2, "d": 648, "w": [-8.554939330979979, -9.165643784849024, -9.17103319696555, -9.78477637035235, -6.9076212759897935, -0.13752588128751447, 0.0, 0.0, 0.0, -7.5748608902657, -8.40538906010747, -8.381657065723285, -8.227655623783253, -9.2792499805679, -9.33268988362977, -1.0071296730074106, 0.0, 0.0, -7.314333734709586, -11.402687350140639, -15.834444950756971, -15.843788463938644, -11.284546347438596, -10.151322578744775, -9.539878538977812, -0.22942219033240738, 0.0, -8.53515641536132, -15.646662090380973, -22.177192078452514, -21.619990753395932, -15.311353953567085, -11.748220836879167, -11.644351782956669, -7.390433790501778, 0.0, -8.115831000073825, -15.38672718813252, -19.39295589077734, -21.724511581717298, -16.820313371674352, -11.429794464991465, -14.125014987660057, -1.7229573925106232, 0.0, -6.550858892791078, -9.584242991831994, -16.144862196501236, -16.13738140977206, -14.893200211521497, -16.11801935116797, -4.648530748528347, -1.50422790318051, 0.0, -3.4361471328673714, -5.175842303493088, -7.229244276901851, -10.481562816081306, -8.311665529110918, -3.185806068735051, -1.6171760519356508, -1.3937361733446254, 0.0, 0.0, 0.0, -2.257027823678681, -2.6700449101601436, -0.9705449579550856, -0.9700150124505172, 0.0, 0.0, 0.0, 0.0, 0.0, 0.0, 0.0, 0.0, 0.0, 0.0, 0.0, 0.0, -2.761892543994793, -6.097838169724709, -8.174487519538687, -7.861973556327077, -1.5140810919383014, 0.0, 0.0, 0.0, 0.0, -6.99095446462099, -6.947814766700595, -8.902744687618782, -8.816204282916178, -9.543164891748814, -9.214338119131519, 0.0, 0.0, 0.0, -6.988333031781225, -8.530648122268056, -12.870909851687063, -13.303301988159214, -10.116347602763645, -10.262822975064248, -10.31082097935644, 0.0, 0.0, -7.56763263207438, -13.457732539614286, -18.875515871678747, -19.357144994647168, -14.471322643363834, -10.947345403900378, -11.390397621800505, -7.25924387178489, 0.0, -8.224146124286277, -15.365701858562332, -19.29321819400964, -24.082266886068226, -16.75876060869504, -13.096661273770048, -10.016377146496062, -9.693418865006151, -0.055231149948211156, -6.881678779793941, -12.313120272036883, -17.666922216712035, -16.3352467696236, -15.238850610824636, -14.915713422847087, -11.101616513720808, 1.8530164257840387, 1.508450030091298, -3.3097715145240727, -5.687594461168478, -12.34373091001527, -14.588179460653574, -13.17891370069064, -9.069019938115762, -0.8830028191602085, 0.09044530810253808, 0.004289266839373071, 0.0, -1.0566511612710632, -3.0556181532438917, -2.9707506281895975, -3.559525870485495, -1.8402153748685839, -1.8888628942578445, -0.05261974115754584, 0.0, 0.0, 0.0, 0.0, 0.0, 0.0, 0.0, 0.0, 0.0, 0.0, 0.0, -0.2993294752786884, -3.186328215521437, -1.0245232995008156, 0.0, 0.0, 0.0, 0.0, 0.0, -8.153766776231683, -7.760416696641004, -7.714918200929979, -8.592634308995793, -9.00280798594802, -5.0644536973881005, 0.0, 0.0, 0.0, -7.346977933306297, -6.983195734374057, -10.980038065369497, -10.338026615602098, -9.162007786123507, -9.158133915614469, -7.238830934382096, 0.0, 0.0, -6.7741059516794495, -10.934426236021247, -17.592874829692953, -17.78677169701276, -12.590661850177359, -9.718643950808573, -9.75318195377101, -6.577580926663792, 0.0, -7.188010617364927, -14.79664208813894, -20.838787341812143, -24.57006596535074, -17.14244247276411, -11.927897247641342, -10.929609409756928, -10.506026711774748, 0.3047638735476439, -7.061289386407407, -14.221951339299206, -18.458050677948727, -18.55225524939387, -17.68409639521642, -13.021309014008507, -15.251788957718729, -1.5284739741270483, -0.28500417052357563, -4.0894332901952515, -7.296756255811305, -14.941939485200612, -14.81189845799167, -14.956688735945585, -14.846472526556353, -2.7719043240632577, -0.5362748292627221, 0.09800394959519544, 0.0, -1.9519631539138378, -5.241761468742764, -7.0914113792740325, -7.590241687812083, -2.137936753434277, -1.1097788471341146, -0.903105126727413, -0.05719257093551926, 0.0, 0.0, 0.0, -2.7603026587634103, -2.62483609236182, -0.5867326363249481, 0.0, 0.0, 0.0, -4.5612229258894175, -8.203623959916994, -9.269167760165415, -9.950007882644945, -7.506035529653241, 0.22899705208739665, 0.0, 0.0, 0.0, -6.025049651560694, -7.2471967759103, -8.29967154253286, -7.659170904561005, -8.089321979037395, -9.005934308399926, -4.492934855890518, 0.0, 0.0, -6.285607558538931, -8.566433703531613, -13.720220487302667, -14.852608677032618, -11.725740789202554, -10.207576399102468, -10.536447662738272, -2.809976865404367, 0.0, -6.516226230603439, -12.226024308034107, -18.851831857706635, -20.586042888220273, -17.60826995561423, -12.453321015485367, -12.1587845310486, -9.245630176054242, -0.6062462421675189, -5.742911314724773, -13.241634111416616, -17.34245006419309, -21.922946716672353, -20.48343456322579, -13.6753170765393, -12.502062975025714, -8.949643098737731, -2.165587187967147, -4.045890803082425, -8.458063461652797, -15.812196662878138, -16.78263749762057, -15.707613135324841, -14.0730968249402, -11.507943240924911, 0.6456260875396695, 0.3756866603943333, 0.0, -3.333223366615843, -6.744421800076209, -14.52037265458379, -13.97958139519501, -6.373781066133292, -1.3272418135527284, -1.0163477251770305, 0.2798546943882565, 0.0, 0.0, -1.9503760967257175, -1.821490884434338, -0.664481515999598, -0.46052120942243224, -1.2607693212070676, 0.0, 0.0, 0.0, 0.0, 0.0, 0.0, 0.0, 0.0, 0.0, 0.0, 0.0, 0.0, -2.521034756532237, -6.3976007277082685, -5.431995545770852, -2.091422100530343, 0.0, 0.0, 0.0, 0.0, -7.747601305281884, -6.6377156718524475, -6.867169444956559, -7.8896298745197555, -8.451654207355471, -9.045861344971264, -0.7965326015432702, 0.0, 0.0, -6.923528114998788, -7.478060049733094, -10.302511993333797, -11.000487068501387, -10.652111118355766, -10.287967727624647, -9.817211271153546, -1.293170368486002, 0.0, -6.435240247603863, -10.39837986482223, -17.458794293658034, -18.82847860572129, -16.095873335047525, -11.106837720558012, -11.219033061396077, -10.030564368320775, 0.0, -5.855344350558679, -12.840496032946948, -17.797360653615804, -23.98025865661921, -20.51438662408941, -12.61845206524759, -11.32838657672263, -11.090068092477143, -1.632689952566574, -5.525336867871225, -9.917715956294485, -16.976265672636945, -17.497400240720108, -17.215604238424483, -12.452899004134311, -15.255290321896679, -3.0214877930606185, -1.3352943446973522, 0.0, -5.580071967712924, -10.666490233147673, -16.73067029389421, -15.96700018154802, -13.581055788293877, -4.287908775716765, -0.469850668878097, 0.1457055774324001, 0.0, 0.0, -2.3639518199066276, -5.103089778639868, -6.3410172320191815, -0.9164176815560743, -0.9995921978838757, -0.6698802391099272, -0.009704997798285955, 0.0, 0.0, 0.0, 0.0, 0.0, 0.0, 0.0, 0.0, 0.0, 0.0, 0.0, -0.9711601227399385, -0.5827777834817863, 0.0, 0.0, 0.0, 0.0, 0.0, -5.433312391035025, -8.215061242378503, -7.611569690385532, -8.490221523699478, -9.751521489284016, -6.548096113187654, 0.0, 0.0, 0.0, -6.334187536136986, -7.358032342452313, -8.853265429391488, -8.77743108661789, -9.226726188435338, -9.261633647337648, -8.903086488491404, 0.0, 0.0, -6.080263384414429, -9.430423390980948, -14.074094142563649, -16.46936626525644, -14.850163639018632, -10.194976943001516, -10.084362632113836, -8.071965567886798, 0.0, -6.086079380411756, -11.756148547742464, -18.782439609221107, -22.415377043604455, -19.943831869822564, -13.46216592113411, -11.749785540126526, -9.74024162483262, -4.697027234686825, -5.353950925964191, -10.269230846515244, -17.225286188658572, -18.64021369053915, -19.260167292440673, -14.273316076010563, -12.687443717254627, -10.152342304915377, 0.3067669503979914, -4.149550028737487, -5.974981504788627, -14.12781663903831, -15.190573860767769, -15.048710314114366, -14.509290495585777, -10.654705684622376, 1.5382551296446763, 0.09306576400885079, 